이게 고양이 알레르기인가여??,https://kin.naver.com/qna/detail.naver?d1id=7&dirId=70306&docId=484858443&qb=6rOg7JaR7J20&enc=utf8
6개월 아기 고양이 계속 기침해요,https://kin.naver.com/qna/detail.naver?d1id=8&dirId=80511&docId=484581834&qb=6rOg7JaR7J20&enc=utf8
고양이 떠나게 하는 방법이 있을까요?,https://kin.naver.com/qna/detail.naver?d1id=8&dirId=80502&docId=484479929&qb=6rOg7JaR7J20&enc=utf8
고양이 갑자기 물림,https://kin.naver.com/qna/detail.naver?d1id=13&dirId=13050202&docId=484829935&qb=6rOg7JaR7J20&enc=utf8
고양이 분양 받을때 어디서 받는게... ,https://kin.naver.com/qna/detail.naver?d1id=8&dirId=8050101&docId=484548104&qb=6rOg7JaR7J20&enc=utf8
꽃다발 고양이한테 괜찮을까요?,https://kin.naver.com/qna/detail.naver?d1id=8&dirId=80604&docId=483165788&qb=6rOg7JaR7J20&enc=utf8
고양이 캐릭터 이름,https://kin.naver.com/qna/detail.naver?d1id=2&dirId=2010102&docId=483798052&qb=6rOg7JaR7J20&enc=utf8
고양이 혈뇨,https://kin.naver.com/qna/detail.naver?d1id=8&dirId=80502&docId=480753546&qb=6rOg7JaR7J20&enc=utf8
고양이 이빨빠짐,https://kin.naver.com/qna/detail.naver?d1id=8&dirId=80502&docId=483960363&qb=6rOg7JaR7J20&enc=utf8
고양이 안자는 이유,https://kin.naver.com/qna/detail.naver?d1id=8&dirId=80502&docId=484878996&qb=6rOg7JaR7J20&enc=utf8
볼트모트 사료 고양이,https://kin.naver.com/qna/detail.naver?d1id=8&dirId=8050103&docId=469176784&qb=6rOg7JaR7J20&enc=utf8
고양이 중성화 수술후,https://kin.naver.com/qna/detail.naver?d1id=8&dirId=80511&docId=484385873&qb=6rOg7JaR7J20&enc=utf8
고양이랑 여행 숙박가능한 펜션 ㅠ,https://kin.naver.com/qna/detail.naver?d1id=9&dirId=9020603&docId=482970091&qb=6rOg7JaR7J20&enc=utf8
고양이 알레르기 비염,https://kin.naver.com/qna/detail.naver?d1id=7&dirId=70306&docId=474849032&qb=6rOg7JaR7J20&enc=utf8
고양이 구토,https://kin.naver.com/qna/detail.naver?d1id=8&dirId=80511&docId=484736018&qb=6rOg7JaR7J20&enc=utf8
1살?추정 고양이 중성화수술,https://kin.naver.com/qna/detail.naver?d1id=8&dirId=80511&docId=483093615&qb=6rOg7JaR7J20&enc=utf8
고양이 털색 성별 질문,https://kin.naver.com/qna/detail.naver?d1id=8&dirId=80502&docId=483933083&qb=6rOg7JaR7J20&enc=utf8
강원도에도 고양이 분양 샵이 있나요?,https://kin.naver.com/qna/detail.naver?d1id=12&dirId=1208&docId=484413740&qb=6rOg7JaR7J20&enc=utf8
고양이중성화 후 서걱소리,https://kin.naver.com/qna/detail.naver?d1id=8&dirId=80511&docId=484853728&qb=6rOg7JaR7J20&enc=utf8
고양이는 몇가지의 종. 이 있나요.,https://kin.naver.com/qna/detail.naver?d1id=8&dirId=80502&docId=484592365&qb=6rOg7JaR7J20&enc=utf8
